Date,Holiday,Countries,Type,Description
01-01,New Year's Day,"Worldwide (incl. Germany · Austria · Switzerland · USA · Canada · Australia · UK · France · Italy · Spain · Japan · Russia · Brazil · Mexico · China · India · and most other countries)",National Holiday,Beginning of the new calendar year according to the Gregorian calendar; celebrated worldwide with fireworks and festivities
01-02,Berchtoldstag,Switzerland (certain cantons),Regional Holiday,Day of rest after New Year's in certain Swiss cantons; no nationwide public holiday
01-06,Epiphany / Three Kings' Day,"Germany (BY·BW·ST) · Austria · Spain · Italy · Greece · many Catholic and Orthodox countries",Religious Holiday,"Commemorates the arrival of the Three Wise Men at the birth of Jesus (Western) and the baptism of Jesus (Eastern/Orthodox); in Spain children receive gifts on this day instead of Christmas; in Italy the witch Befana brings gifts"
01-07,Orthodox & Coptic Christmas,"Russia · Serbia · Belarus · Bulgaria · Ethiopia · Egypt",Religious Holiday,Christmas according to the Julian calendar; celebrated by Orthodox and Coptic Christian communities worldwide
variabel (2nd Mon Jan),Coming-of-Age Day (成人の日 · Seijin no Hi),Japan,National Holiday,Celebration honoring young people who turned 20 in the preceding year; ceremonies held across the country
01-14,Makar Sankranti · Pongal,"India (nationwide · Tamil Nadu)",Religious Holiday,Hindu harvest festival marking the sun's transit into Capricorn; kite-flying traditions (Makar Sankranti) and four-day Tamil harvest festival with sun worship (Pongal in Tamil Nadu)
variabel (3rd Mon Jan),Martin Luther King Jr. Day,USA,National Holiday,Federal holiday honoring civil rights leader Martin Luther King Jr. and the movement he led
01-19,Timkat,Ethiopia,Religious Holiday,Ethiopian Epiphany – celebration of Jesus' baptism with colorful water processions; UNESCO Intangible Cultural Heritage
01-20,Inauguration Day,USA,Political Holiday,Swearing-in ceremony of the US President; takes place every four years on January 20
01-25,Burns Night,Scotland,Cultural Holiday,Commemoration of national poet Robert Burns with haggis suppers and poetry recitations; no public holiday
01-26,Australia Day · Republic Day,"Australia · India",National Holiday,"Australia Day: anniversary of the arrival of the first British fleet in Sydney in 1788; controversial among Aboriginal peoples · India Republic Day: anniversary of the Indian Constitution coming into force in 1950; grand military parade in New Delhi"
variabel (Jan/Feb),Lunar New Year,"China · Taiwan · Vietnam · South Korea · Tibet · Bhutan · Singapore · Malaysia",National Holiday,"Most important festival in East and Southeast Asia; date follows the lunar calendar; known as Chūnjié/Spring Festival (China), Tết (Vietnam), Seollal (South Korea), Losar (Tibet/Bhutan); celebrated with family reunions, fireworks, and dragon dances"
02-02,Candlemas (Lichtmess),"Germany · Austria · many Catholic countries",Religious Holiday,Presentation of Jesus at the Temple 40 days after Christmas; blessing of candles; no longer a public holiday in most regions
02-06,Waitangi Day,New Zealand,National Holiday,Anniversary of the Treaty of Waitangi in 1840 between the British Crown and the Māori chiefs
02-11,National Foundation Day (建国記念の日),Japan,National Holiday,Commemorates the legendary founding of Japan by Emperor Jimmu
02-14,Valentine's Day,Worldwide (commercial),Cultural Holiday,Day of lovers and romance; named after Saint Valentine of Terni; not a public holiday anywhere
variabel (Feb/Mar),Carnival / Mardi Gras,"Brazil · Germany · Austria · Switzerland · USA (New Orleans) · Colombia · Trinidad and Tobago · Italy (Venice) · Spain",Cultural Holiday,"Pre-Lenten festival of costumes, parades and music ending on Mardi Gras (Fat Tuesday); most famous celebrations in Rio de Janeiro, New Orleans, Venice and Cologne"
variabel (Feb/Mar),Ash Wednesday,"Germany · Austria · worldwide (Christian)",Religious Holiday,Beginning of the 40-day Lenten fasting period before Easter; ashes placed on foreheads; not a public holiday in most countries
03-01,Independence Movement Day (삼일절),South Korea,National Holiday,Commemorates the nationwide March 1st independence movement of 1919 against Japanese colonial rule
03-03,Doll Festival (雛祭り · Hinamatsuri),Japan,Cultural Holiday,Girls' Day – traditional Heian court dolls (hina-ningyo) are displayed; not a public holiday
03-08,International Women's Day,"Worldwide · Russia · Ukraine · Cuba · Vietnam (public holiday in these countries)",International Holiday,"Day for gender equality and women's rights; public holiday in Russia, Ukraine and several other countries; men give women flowers in Russia"
03-15,National Holiday,Hungary,National Holiday,Anniversary of the Hungarian Revolution and War of Independence of 1848 against Habsburg rule
03-17,St. Patrick's Day,"Ireland · worldwide Irish diaspora (USA · Australia · Canada · UK)",Religious/National Holiday,Feast day of Ireland's patron saint; global celebrations in Irish diaspora communities; green clothing and shamrocks are the symbols
03-19,St. Joseph's Day (Festa di San Giuseppe),"Italy (Sicily · Sardinia) · Spain (Valencia)",Religious Holiday,"Feast of Saint Joseph; also Father's Day in Italy; public holiday in some Italian regions; in Valencia, Spain, the Fallas festival culminates on this day"
03-20/21,Nowruz (نوروز),"Iran · Afghanistan · Azerbaijan · Kazakhstan · Uzbekistan · Tajikistan · Kyrgyzstan · Turkmenistan · Iraq (Kurdish regions) · Albania",Cultural/Religious Holiday,Persian New Year celebrated at the spring equinox; UNESCO Intangible Cultural Heritage; festivities last 13 days including family visits and traditional spring-cleaning
03-21,Human Rights Day,South Africa,National Holiday,Commemoration of the Sharpeville Massacre on March 21 1960 when police shot 69 peaceful protesters
03-25,National Independence Day,Greece,National Holiday,Anniversary of the beginning of the Greek War of Independence against the Ottoman Empire in 1821
variabel (Feb/Mar),Holi,"India · Nepal · worldwide Hindu communities",Religious Holiday,Hindu spring festival of colors; powdered colors are thrown in celebration of the victory of good over evil; date follows the lunar calendar
variabel (Feb/Mar),Mahashivaratri,"India · Nepal",Religious Holiday,Hindu festival honoring the god Shiva with fasting and all-night prayers
variabel (Feb/Mar),Purim,"Israel · Jewish communities worldwide",Religious Holiday,Jewish festival commemorating the salvation of the Jewish people in ancient Persia as told in the Book of Esther; costumes and festive meals
variabel,Ramadan (start),"Islamic countries worldwide",Religious Holiday,Beginning of the Islamic month of fasting from dawn to sunset; exact date varies annually by lunar calendar; not a public holiday in all Muslim-majority countries
04-01,April Fools' Day / Poisson d'Avril,Worldwide,Cultural Tradition,Day of jokes and pranks; known as Poisson d'Avril (April Fish) in France; not a public holiday
04-04,Qingming Festival (清明节),China · Taiwan,Cultural Holiday,Grave-sweeping festival – families visit and clean ancestors' graves; also a time for outdoor leisure; public holiday in China since 2008
variabel,Good Friday,"Germany · Austria · Switzerland · UK · Australia · Canada · Scandinavia · worldwide (Christian)",Religious Holiday,Commemoration of the crucifixion of Jesus Christ; public holiday in many Christian countries; not a federal holiday in the USA
variabel,Easter Sunday,"Worldwide (Christian)",Religious Holiday,Celebration of the resurrection of Jesus Christ; most important feast in the Christian liturgical year; date follows a lunar-solar calculation (first Sunday after first full moon after March 21)
variabel,Easter Monday,"Germany · Austria · Switzerland · UK · France · Netherlands · Australia · worldwide (Christian)",Religious Holiday,Second day of Easter; public holiday in many European and Commonwealth countries
variabel,Orthodox Easter (Pascha),"Russia · Greece · Serbia · Romania · Bulgaria · Ethiopia · worldwide (Orthodox Christian)",Religious Holiday,Easter celebration following the Julian calendar; usually falls on a different date from Western Easter; most important holiday in Orthodox countries
04-14,Ambedkar Jayanti · Songkran,"India · Thailand",National/Cultural Holiday,India: birthday of Dr. B.R. Ambedkar (1891) – architect of the Indian Constitution and champion of Dalit rights · Thailand: traditional Thai New Year celebrated as a three-day water festival (April 13–15)
04-17,Independence Day,Syria,National Holiday,Anniversary of the withdrawal of French troops in 1946
04-18,Independence Day,Zimbabwe,National Holiday,Anniversary of independence from Great Britain in 1980
04-19,Revolution Anniversary (Día 19 de Abril),Venezuela,National Holiday,Anniversary of the beginning of Venezuela's independence movement in 1810
04-21,Tiradentes Day,Brazil,National Holiday,Commemoration of Tiradentes – martyr and early advocate for Brazilian independence; executed by hanging in 1792
04-23,St. George's Day · National Sovereignty and Children's Day,"England · Turkey",Cultural/National Holiday,England: feast day of the patron saint of England; no public holiday · Turkey (Ulusal Egemenlik ve Çocuk Bayramı): anniversary of the opening of the Grand National Assembly in 1920; dedicated to children worldwide
04-25,Anzac Day · Liberation Day · Carnation Revolution Day,"Australia · New Zealand · Italy · Portugal",National Holiday,"Three distinct national holidays coincide: Anzac Day (Australia/NZ) honors ANZAC troops who fought at Gallipoli in 1915 · Liberation Day (Italy) marks the end of Nazi-Fascist occupation in 1945 · Carnation Revolution Day (Portugal) marks the 1974 peaceful military coup that ended the Salazar dictatorship"
04-27,Freedom Day,South Africa,National Holiday,Anniversary of South Africa's first fully democratic elections on April 27 1994 – the end of Apartheid
variabel,Eid al-Fitr (عيد الفطر),"Islamic countries worldwide",Religious Holiday,Festival of Breaking the Fast at the end of Ramadan; typically three days of celebrations with prayers, family visits and gifts; date varies by lunar calendar
variabel,Passover (Pesach),"Israel · Jewish communities worldwide",Religious Holiday,Jewish Passover – commemoration of the Exodus from Egypt; Seder meal on the first night; lasts seven days (eight in the Diaspora)
variabel (May),Vesak / Buddha Purnima,"Sri Lanka · Thailand · Myanmar · Singapore · Nepal · worldwide (Buddhist)",Religious Holiday,Marks the birth, enlightenment and death of the Buddha; UNESCO-recognized; celebrated with lantern processions and temple visits
05-01,International Labour Day / May Day,"Worldwide (80+ countries) incl. Germany · Austria · Switzerland · France · Spain · Italy · China · Russia · Brazil",International Holiday,International Workers' Day; rooted in the 19th-century labor movement and the 1886 Haymarket affair in Chicago; public holiday in over 80 countries; not a federal holiday in the USA
05-03,Constitution Memorial Day (憲法記念日),Japan,National Holiday,Anniversary of Japan's post-war constitution coming into force in 1947
05-04,Greenery Day (みどりの日 · Midori no Hi),Japan,National Holiday,Day celebrating nature and the natural environment; falls within Golden Week
05-05,Children's Day · Cinco de Mayo,"Japan · Mexico · many countries",National/Cultural Holiday,Japan (Kodomo no Hi): Children's Day with carp streamers (Koinobori) symbolizing strength · Mexico: anniversary of the Mexican army's defeat of French forces at Puebla in 1862 · International Children's Day celebrated in many countries
05-08,Victory in Europe Day (V-E Day),"France · Belgium · Netherlands · Czech Republic",National Holiday,Anniversary of Germany's unconditional surrender on May 8 1945 ending World War II in Europe
05-09,Victory Day · Europe Day,"Russia · Europe (EU member states)",National/Political Holiday,Russia (День Победы): commemoration of the Soviet Union's victory over Nazi Germany; largest patriotic holiday · Europe Day: anniversary of the Schuman Declaration of 1950 which laid the groundwork for European integration
05-14,Independence Day,Paraguay,National Holiday,Anniversary of Paraguay's independence from Spain declared on May 14 1811
05-17,Constitution Day (Nasjonaldagen),Norway,National Holiday,Norway's Constitution Day of 1814; celebrated with children's parades in traditional costumes (bunad) across the country
05-20,Independence Day,Cameroon,National Holiday,Anniversary of Cameroon's independence from France on May 20 1960
05-25,Independence Day · Africa Day,"Jordan · African Union member states",National/Political Holiday,Jordan: independence from the British Mandate in 1946 · Africa Day: anniversary of the founding of the Organisation of African Unity in 1963
variabel (2nd Sun May),Mother's Day,"Germany · Austria · Switzerland · USA · Canada · Australia · UK · worldwide",Cultural Holiday,Day honoring mothers; celebrated on the second Sunday in May in most countries; not a public holiday
variabel (39 days after Easter),Ascension Thursday / Father's Day,"Germany · Austria · Switzerland · France · Belgium · Netherlands · Scandinavia · worldwide (Christian)",Religious/Cultural Holiday,Christian feast of Jesus' ascension into heaven; public holiday in many European countries; also celebrated as Father's Day (Vatertag) in Germany with outdoor hiking excursions
variabel (50 days after Easter),Whit Sunday (Pentecost),"Worldwide (Christian)",Religious Holiday,Descent of the Holy Spirit upon the apostles 50 days after Easter; one of the three principal Christian feasts
variabel (51 days after Easter),Whit Monday,"Germany · Austria · Switzerland · France · Netherlands · Belgium · Norway · worldwide (Christian)",Religious Holiday,Second day of Pentecost; public holiday in many European countries
variabel,Eid al-Adha (عيد الأضحى),"Islamic countries worldwide",Religious Holiday,Feast of Sacrifice commemorating Ibrahim's (Abraham's) willingness to sacrifice his son; livestock is slaughtered and meat shared; four-day celebration; date varies by lunar calendar
variabel (60 days after Easter),Corpus Christi,"Germany (BY·BW·HE·NW·RP·SL·SN·TH) · Austria · Switzerland · Spain · Italy · Portugal · Poland",Religious Holiday,Catholic feast honoring the real presence of Jesus in the Eucharist; celebrated with outdoor processions; public holiday in Catholic regions
06-01,Father's Day · International Children's Day,"Brazil · China · former socialist countries worldwide",Cultural Holiday,Father's Day (Dia dos Pais) in Brazil · International Children's Day in many countries especially those with a socialist tradition
06-02,Republic Day (Festa della Repubblica),Italy,National Holiday,Anniversary of the June 2 1946 referendum in which Italians chose a republic over monarchy; military parade on Via dei Fori Imperiali in Rome
06-05,Constitution Day (Grundlovsdag),Denmark,National Holiday,Anniversary of the Danish Constitution signed on June 5 1849 – Denmark's first democratic constitution
06-06,National Day (Nationaldagen),Sweden,National Holiday,Anniversary of Gustav Vasa's election as King of Sweden in 1523 and the adoption of a new constitution in 1809
06-10,Portugal Day (Dia de Portugal),Portugal,National Holiday,Death anniversary of national poet Luís de Camões in 1580; also commemorates the Portuguese people and their history
06-12,Russia Day · Independence Day · Valentine's Day (Brazil),"Russia · Philippines · Brazil",National/Cultural Holiday,Russia (День России): anniversary of Russia's sovereignty declaration in 1990 · Philippines: Independence Day from Spain in 1898 · Brazil: Valentine's Day (Dia dos Namorados) on the eve of St. Anthony's feast
06-14,Flag Day,USA,National Commemoration,Anniversary of the adoption of the Stars and Stripes on June 14 1777; not a public holiday
06-17,National Day (Þjóðhátíðardagurinn),Iceland,National Holiday,Anniversary of the founding of the Republic of Iceland on June 17 1944
06-19,Juneteenth,USA,National Holiday,Commemorates the emancipation of the last enslaved people in Texas on June 19 1865 – the effective end of slavery in the USA; federal holiday since 2021
06-21,Fête de la Musique · National Indigenous Peoples Day,"France · Canada",Cultural Holiday,France: World Music Day at the summer solstice with thousands of free concerts in the streets · Canada: National Indigenous Peoples Day honoring the cultures and contributions of First Nations peoples
06-23,Midsummer / Jāņi · National Holiday,"Latvia · Lithuania · Luxembourg",Cultural/National Holiday,Midsummer night (Jāņi) in Latvia and Lithuania with bonfires and folk songs · Luxembourg: official birthday celebration of the Grand Duke
06-24,Midsommar · St. John's Eve · Fête Nationale du Québec,"Sweden · Finland · Spain · Latin America · Canada (Québec)",Cultural/Religious Holiday,Sweden: Midsommar with maypole dancing and herring meals – celebrated on the Friday before June 24 · Spain and Latin America: St. John's Eve (Noche de San Juan) with beach bonfires · Québec: Fête Nationale (St-Jean-Baptiste Day) – celebration of Francophone culture
06-25,Independence Day · Statehood Day,"Mozambique · Slovenia",National Holiday,Mozambique: independence from Portugal on June 25 1975 · Slovenia: Statehood Day marking Slovenian sovereignty
06-26,Independence Day,Madagascar,National Holiday,Anniversary of Madagascar's independence from France on June 26 1960
06-27,Independence Day,Djibouti,National Holiday,Anniversary of Djibouti's independence from France on June 27 1977
07-01,Canada Day · Independence Day,"Canada · Rwanda",National Holiday,Canada Day: anniversary of Canadian Confederation on July 1 1867 · Rwanda: independence from Belgian colonial rule in 1962
07-04,Independence Day (Fourth of July),USA,National Holiday,Anniversary of the Declaration of Independence from Great Britain signed on July 4 1776; celebrated with fireworks parades and barbecues
07-05,Independence Day,Venezuela,National Holiday,Anniversary of the signing of Venezuela's Declaration of Independence from Spain in 1811
07-07,Tanabata (七夕 · Star Festival),Japan,Cultural Holiday,Star Festival based on the legend of two lovers (Hikoboshi and Orihime) separated by the Milky Way; wishes written on paper strips and hung on bamboo; not a public holiday
07-09,Independence Day (Día de la Independencia),Argentina,National Holiday,Anniversary of Argentina's Declaration of Independence from Spain in 1816
07-14,Bastille Day (Fête Nationale),France,National Holiday,"Anniversary of the storming of the Bastille on July 14 1789 – a key event of the French Revolution; celebrated with a military parade on the Champs-Élysées, fireworks and public festivities"
07-20,Independence Day,Colombia,National Holiday,Anniversary of Colombia's Declaration of Independence from Spain on July 20 1810
07-21,National Holiday (Fête Nationale),Belgium,National Holiday,Anniversary of King Leopold I's constitutional oath on July 21 1831 – the founding of modern Belgium
07-23,Revolution Day (National Day),Egypt,National Holiday,Anniversary of the Egyptian Revolution of July 23 1952 which overthrew King Farouk and led to the proclamation of the republic
07-28,Independence Day (Fiestas Patrias),"Peru · Venezuela",National Holiday,Peru: anniversary of the Declaration of Independence from Spain proclaimed by José de San Martín on July 28 1821 · Venezuela: anniversary of the signing of the Act of Independence in 1811
07-30,Independence Day,Vanuatu,National Holiday,Anniversary of Vanuatu's independence from joint British and French colonial rule on July 30 1980
08-01,Swiss National Day (Bundesfeiertag),Switzerland,National Holiday,Anniversary of the Rütli Oath of 1291 – the founding pact of the Swiss Confederation; celebrated with bonfires on mountains and fireworks
08-06,Independence Day · Hiroshima Day,"Bolivia · Japan (memorial)",National/Commemoration,Bolivia: anniversary of independence from Spain on August 6 1825 · Japan: annual commemoration of the atomic bomb dropped on Hiroshima on August 6 1945; not a public holiday but widely observed with peace ceremonies
08-09,National Day · Nagasaki Day,"Singapore · Japan (memorial)",National/Commemoration,Singapore: independence from Malaysia on August 9 1965 · Japan: annual commemoration of the atomic bomb dropped on Nagasaki on August 9 1945; not a public holiday
08-10,Independence Day,Ecuador,National Holiday,Anniversary of the first cry of independence (Primer Grito de Independencia) in Quito on August 10 1809
08-11,Independence Day,Chad,National Holiday,Anniversary of Chad's independence from France on August 11 1960
08-14,Independence Day,Pakistan,National Holiday,Anniversary of Pakistan's independence from British India on August 14 1947
08-15,Assumption of Mary · Independence Day · Liberation Day,"Germany (BY·SL) · Austria · Italy · India · South Korea · many Catholic countries",Religious/National Holiday,"Three major observances on August 15: Catholic Assumption of Mary (feast of Mary's bodily assumption into heaven; public holiday in Catholic regions) · India's Independence Day (independence from Great Britain in 1947; flag-raising ceremony at the Red Fort) · South Korea's Liberation Day / Gwangbokjeol (liberation from Japanese colonial rule in 1945)"
08-17,Independence Day,Indonesia,National Holiday,Anniversary of Indonesia's Proclamation of Independence from the Netherlands on August 17 1945; celebrated with flag ceremonies and competitions across the archipelago
08-24,Independence Day,Ukraine,National Holiday,Anniversary of Ukraine's declaration of independence from the Soviet Union on August 24 1991
08-25,Independence Day,Uruguay,National Holiday,Anniversary of Uruguay's Declaration of Independence in 1825
08-27,Independence Day,Moldova,National Holiday,Anniversary of Moldova's declaration of independence from the Soviet Union on August 27 1991
08-31,Independence Day,"Malaysia · Trinidad and Tobago",National Holiday,Malaysia (Merdeka Day): independence from Great Britain on August 31 1957 · Trinidad and Tobago: independence from Great Britain on August 31 1962
variabel (mid-Aug),Obon (お盆),Japan,Religious/Cultural Holiday,Buddhist festival of the dead during which the spirits of ancestors are believed to return home; celebrated with Bon-Odori dances and lantern floating; not a public holiday but widely observed
variabel (Aug/Sept),Janmashtami,India,Religious Holiday,Hindu celebration of the birth of the god Krishna; marked by night-long prayers, fasting and dramatic reenactments
09-07,Independence Day (Dia da Independência),Brazil,National Holiday,Anniversary of Brazil's Declaration of Independence from Portugal proclaimed by Dom Pedro I on September 7 1822; military parade in Brasília
09-15,Central American Independence Day,"Costa Rica · El Salvador · Guatemala · Honduras · Nicaragua",National Holiday,Shared anniversary of Central America's independence from Spain declared on September 15 1821; torch relays and parades across all five countries
09-16,Independence Day (Día de la Independencia),Mexico,National Holiday,Anniversary of Padre Miguel Hidalgo's Grito de Independencia on the night of September 15–16 1810; the President rings the bell at midnight and reads the Grito from the National Palace
09-18,Independence Day (Fiestas Patrias),Chile,National Holiday,Anniversary of the formation of Chile's first national government on September 18 1810; celebrated with rodeo events and traditional Cueca dancing
09-21,Independence Day,Malta,National Holiday,Anniversary of Malta's independence from Great Britain on September 21 1964
variabel (Sept/Oct),Rosh Hashana,"Israel · Jewish communities worldwide",Religious Holiday,Jewish New Year; the shofar ram's horn is blown 100 times; a two-day celebration with sweet foods symbolizing hopes for a sweet new year; date by Jewish lunar calendar
variabel (Sept/Oct),Yom Kippur,"Israel · Jewish communities worldwide",Religious Holiday,Jewish Day of Atonement – the holiest day in the Jewish year; strict 25-hour fast; day of prayer and repentance
variabel (Sept/Oct),Sukkot,"Israel · Jewish communities worldwide",Religious Holiday,Jewish Feast of Tabernacles – commemorates the 40 years of desert wandering; temporary huts (sukkot) are built and meals eaten inside; seven days
variabel (Sept/Oct),Navratri,India,Religious Holiday,Nine-night Hindu festival honoring the goddess Durga in her nine forms; celebrated with Garba and Dandiya dance performances
variabel (Sept/Oct),Mid-Autumn Festival · Chuseok,"China · Vietnam · South Korea",Cultural/National Holiday,Harvest moon festival celebrated across East Asia: mooncakes eaten and lanterns lit (China/Vietnam) · Chuseok (Korea): three-day harvest festival with ancestral rites and traditional games
variabel (2nd Mon Oct),Thanksgiving,Canada,National Holiday,Canadian Thanksgiving celebrating the harvest; celebrated with turkey dinners and family gatherings
10-01,German Unity Day · National Day,"Germany · China",National Holiday,Germany (Tag der Deutschen Einheit): anniversary of German Reunification on October 3 1990 – note officially October 3 but here consolidated · China (国庆节): anniversary of the founding of the People's Republic of China on October 1 1949; seven-day national holiday (Golden Week)
10-02,Gandhi Jayanti,India,National Holiday,Birthday of Mahatma Gandhi born October 2 1869; also observed worldwide as the International Day of Non-Violence (UNESCO)
10-03,German Unity Day (Tag der Deutschen Einheit),Germany,National Holiday,Official anniversary of German Reunification on October 3 1990 when the German Democratic Republic formally joined the Federal Republic of Germany
10-03,National Foundation Day (개천절 · Gaecheonjeol),South Korea,National Holiday,Mythical founding of the first Korean kingdom of Go-Joseon by the god-king Dangun in 2333 BC
10-05,Republic Day (Dia da República),Portugal,National Holiday,Anniversary of the proclamation of the Portuguese Republic on October 5 1910
10-09,Hangul Day (한글날),South Korea,National Holiday,Anniversary of King Sejong the Great's promulgation of the Korean Hangul alphabet in 1446
10-12,Día de la Hispanidad · Columbus Day,"Spain · USA · Latin America",National Holiday,Commemoration of Columbus's arrival in the Americas on October 12 1492 (Spain: Día de la Hispanidad / Fiesta Nacional; USA: Columbus Day; in several US states and Latin American countries observed as Día de la Raza or Indigenous Peoples' Day instead)
10-26,National Holiday,Austria,National Holiday,Anniversary of Austria's Declaration of Permanent Neutrality on October 26 1955 following the Austrian State Treaty
10-28,Ochi Day (Επέτειος του Όχι),Greece,National Holiday,Commemoration of Prime Minister Metaxas's rejection of Mussolini's ultimatum on October 28 1940 (the Greek word for No – Όχι)
10-29,Republic Day (Cumhuriyet Bayramı),Turkey,National Holiday,Anniversary of the proclamation of the Turkish Republic by Mustafa Kemal Atatürk on October 29 1923
10-31,Halloween · Reformation Day,"USA · Ireland · Canada · UK · Germany (BB·MV·SN·ST·TH) · worldwide",Cultural/Religious Holiday,Halloween: eve of All Saints' Day with costumes and trick-or-treat; rooted in the Celtic festival Samhain; not a public holiday · Reformation Day: commemorating Martin Luther's 95 Theses of 1517; public holiday in Protestant German federal states
variabel (Oct/Nov),Diwali (Deepavali),"India · Nepal · Singapore · Sri Lanka · worldwide Hindu and Jain communities",Religious Holiday,Hindu and Jain festival of lights symbolizing the triumph of light over darkness; oil lamps and candles lit; fireworks; date follows the Hindu lunar calendar
variabel (Oct),Dussehra (Dasara),India,Religious Holiday,Hindu festival marking the victory of the god Rama over the demon Ravana; giant effigies of Ravana are burned; tenth day of Navratri
11-01,All Saints' Day (Toussaint · Allerheiligen · Ognissanti · Wszystkich Świętych),"Germany (BY·BW·NW·RP·SL) · Austria · France · Spain · Portugal · Italy · Poland · Belgium · Luxembourg",Religious Holiday,Catholic and Anglican feast commemorating all saints; graves decorated with flowers and candles; public holiday in Catholic regions of Europe
11-02,All Souls' Day · Día de los Muertos,"Germany · Austria · Mexico · Latin America",Religious/Cultural Holiday,All Souls' Day: Catholic day of prayer for the dead (not a public holiday in Germany) · Día de los Muertos: Mexican and Latin American Day of the Dead – altars (ofrendas) and offerings for deceased relatives; UNESCO Intangible Cultural Heritage
11-05,Guy Fawkes Night,United Kingdom,Cultural Tradition,Commemoration of the failed Gunpowder Plot of 1605; celebrated with bonfires and fireworks; not a public holiday
11-09,Fall of the Berlin Wall (Mauerfall),Germany,Commemoration,Anniversary of the fall of the Berlin Wall on November 9 1989; not a public holiday but widely commemorated
11-11,Armistice Day · Veterans Day · Remembrance Day,"France · Belgium · USA · Canada · Australia · New Zealand · United Kingdom",National/Commemoration Holiday,End of World War I at the 11th hour of the 11th day of the 11th month in 1918; observed as Veterans Day (USA) · Remembrance Day (Commonwealth countries) · Armistice Day (France/Belgium); a minute of silence is kept; the red poppy is the symbol in Commonwealth countries
11-15,Republic Day (Proclamação da República),Brazil,National Holiday,Anniversary of the proclamation of the Brazilian Republic on November 15 1889
11-17,Velvet Revolution Day,"Czech Republic · Slovakia",National Holiday,Anniversary of the Velvet Revolution of November 17 1989 – the peaceful popular uprising that ended Communist rule in Czechoslovakia
variabel (4th Thu Nov),Thanksgiving,USA,National Holiday,American Thanksgiving celebrating the harvest and the Pilgrims' 1621 feast; celebrated with turkey dinner family gatherings and the Macy's Thanksgiving Day Parade
variabel (Nov/Dec),Hanukkah,"Israel · Jewish communities worldwide",Religious Holiday,Jewish Festival of Lights; one candle of the Menorah lit each evening for eight nights; commemorates the miracle of oil in the Temple; date by Jewish lunar calendar
variabel,Islamic New Year (Ra's as-Sana al-Hijriyya),"Islamic countries worldwide",Religious Holiday,Beginning of the Islamic lunar year (Hijri calendar); date shifts approximately 11 days earlier each Gregorian year
variabel,Mawlid an-Nabi,"Islamic countries worldwide",Religious Holiday,Birthday of the Prophet Muhammad; marked by processions prayers and charitable acts; date varies annually by lunar calendar
12-01,Great Union Day (Ziua Națională),Romania,National Holiday,Anniversary of the unification of Transylvania and other provinces with Romania on December 1 1918
12-02,National Day,United Arab Emirates,National Holiday,Anniversary of the founding of the UAE federation on December 2 1971
12-05,St. Nicholas Eve · St. Nicholas Day,"Netherlands · Belgium · Germany · Austria",Religious/Cultural Tradition,Sinterklaasavond (Dec 5) in the Netherlands and Belgium: the biggest children's celebration – gifts and poems from Sinterklaas · St. Nicholas Day (Dec 6) in Germany and Austria: children receive sweets in their boots; the Krampus accompanies St. Nicholas in Austria and Bavaria to warn naughty children
12-06,Independence Day,Finland,National Holiday,Anniversary of Finland's declaration of independence from Russia on December 6 1917
12-08,Immaculate Conception,"Germany (BY·SL) · Austria · Spain · Portugal · Italy · Malta · many Catholic countries",Religious Holiday,Catholic feast celebrating the conception of the Virgin Mary free from original sin; public holiday in Catholic countries and regions
12-10,International Human Rights Day,Worldwide,International Commemoration,Anniversary of the Universal Declaration of Human Rights adopted by the UN General Assembly on December 10 1948; not a public holiday
12-12,Jamhuri Day,Kenya,National Holiday,Anniversary of Kenya becoming a republic on December 12 1964
12-13,St. Lucia Day,"Sweden · Norway · Finland",Cultural Holiday,Feast of Saint Lucia; the oldest daughter dresses in white with a crown of candles; symbol of light during the darkest time of year; choirs perform traditional songs
12-16,Day of Reconciliation · Virgen de Guadalupe,"South Africa · Mexico",National/Religious Holiday,South Africa: Day of Reconciliation bridging historical divides between population groups · Mexico: Feast of the Virgin of Guadalupe with major pilgrimage to the Basilica in Mexico City; one of Mexico's most important religious observances
12-17,National Day,Bhutan,National Holiday,Anniversary of the founding of the Bhutanese monarchy on December 17 1907
12-18,National Day,Qatar,National Holiday,Anniversary of the day Qatar came under the rule of Sheikh Jassim bin Mohammed Al Thani in 1878
12-24,Christmas Eve,"Germany · Austria · Switzerland · Scandinavia · Poland · many European and Latin American countries",Religious/Cultural Holiday,Eve of Christmas; primary gift-giving celebration in Germany Austria and Switzerland (Bescherung); Wigilia in Poland features 12 meatless dishes; Nochebuena in Latin America; not a federal public holiday in most countries but widely observed
12-25,Christmas Day,"Worldwide (Christian countries) incl. USA · Canada · Australia · UK · Germany · Austria · France · Italy · Spain · Portugal · Brazil · Poland · Russia (some regions) · Philippines",Religious/Cultural Holiday,Celebration of the birth of Jesus Christ; the most important family festival of the year across the Christian world; traditions include decorated trees gift-giving and special meals
12-26,St. Stephen's Day · Boxing Day · Kwanzaa (start),"Germany · Austria · Switzerland · UK · Australia · Canada · New Zealand · USA (Kwanzaa)",Religious/Cultural Holiday,St. Stephen's Day: feast of the first Christian martyr; public holiday in many European countries · Boxing Day: traditionally gifts to servants; now a major shopping and sports day in Commonwealth countries · Kwanzaa begins: seven-day African-American cultural celebration of African heritage and values (December 26 – January 1)
12-28,Holy Innocents' Day (Día de los Santos Inocentes),"Spain · Latin America",Religious/Cultural Holiday,Catholic commemoration of the children massacred by King Herod; in Spain and Latin America also celebrated as a prank day similar to April Fools' Day
12-31,New Year's Eve · Omisoka,"Germany · Austria · Switzerland · Japan · worldwide",Cultural Holiday,New Year's Eve celebrated worldwide with fireworks and parties · Japan (Omisoka): temple bells ring 108 times (Joya no Kane) to cleanse the 108 earthly desires according to Buddhist belief and welcome the new year
01-01,Independence Day,Haiti,National Holiday,Anniversary of Haiti's declaration of independence from France on January 1 1804 – the first Black republic in the world
01-01,Independence Day,Sudan,National Holiday,Anniversary of Sudan's independence from Anglo-Egyptian condominium rule on January 1 1956
01-04,Independence Day,Myanmar (Burma),National Holiday,Anniversary of Myanmar's independence from British colonial rule on January 4 1948
01-23,National Day,Pakistan,National Holiday,Anniversary of the Lahore Resolution of 1940 in which Muslim leaders called for a separate Muslim state
variabel (Jan),Mahayana New Year,China · Vietnam · Korea · Japan,Religious Holiday,Buddhist New Year celebration in Mahayana Buddhist communities; timing varies by country and tradition
01-28,St. Thomas Aquinas Day,Worldwide (Catholic universities),Religious Holiday,Feast of the patron saint of students and scholars; widely observed in Catholic educational institutions
02-04,Independence Day,Sri Lanka,National Holiday,Anniversary of Ceylon's (now Sri Lanka) independence from Great Britain on February 4 1948
02-07,Independence Day,Grenada,National Holiday,Anniversary of Grenada's independence from Great Britain on February 7 1974
02-18,Independence Day,Gambia,National Holiday,Anniversary of Gambia's independence from Great Britain on February 18 1965
02-22,Independence Day,Saint Lucia,National Holiday,Anniversary of Saint Lucia's independence from Great Britain on February 22 1979
02-23,National Day,Brunei,National Holiday,Anniversary of Brunei's independence from Great Britain on February 23 1984
02-23,Republic Day,Guyana,National Holiday,Anniversary of Guyana becoming a republic on February 23 1970
02-25,People Power Revolution Day,Philippines,National Holiday,Anniversary of the peaceful 1986 revolution that ousted dictator Ferdinand Marcos and restored democracy
02-27,Independence Day,Dominican Republic,National Holiday,Anniversary of the Dominican Republic's independence from Haiti on February 27 1844
03-06,Independence Day (Kwame Nkrumah Memorial Day),Ghana,National Holiday,Anniversary of Ghana's independence from Great Britain on March 6 1957 – first sub-Saharan African country to gain independence
03-12,Independence Day,Mauritius,National Holiday,Anniversary of Mauritius's independence from Great Britain on March 12 1968
03-20,Independence Day,Tunisia,National Holiday,Anniversary of Tunisia's independence from France on March 20 1956
03-21,Independence Day,Namibia,National Holiday,Anniversary of Namibia's independence from South African administration on March 21 1990
03-22,Arab League Day,Arab League member states,Political Holiday,Anniversary of the founding of the Arab League on March 22 1945 in Cairo
03-23,Pakistan Day,Pakistan,National Holiday,Anniversary of the Lahore Resolution of 1940 and the adoption of the first constitution in 1956; parade in Islamabad
03-26,Independence Day,Bangladesh,National Holiday,Anniversary of Bangladesh's proclamation of independence from Pakistan on March 26 1971
03-29,Youth Day,Taiwan,National Holiday,Commemorates the March 29 1911 uprising against the Qing dynasty which marked the beginning of the revolution
variabel (Mar/Apr),Sinhala and Tamil New Year,Sri Lanka,Cultural/Religious Holiday,Traditional New Year of the Sinhalese and Tamil peoples at the end of the harvest season; celebrated on April 13–14
04-02,Malvinas Day,Argentina,National Holiday,Commemoration of the Argentine landing on the Falkland Islands (Islas Malvinas) in 1982; day of remembrance for fallen soldiers
04-04,Independence Day,Senegal,National Holiday,Anniversary of Senegal's independence from France on April 4 1960
04-12,Cosmonautics Day,Russia,National Holiday,Anniversary of Yuri Gagarin's first human spaceflight on April 12 1961; not a public holiday but widely commemorated
04-16,José de Diego Day,Puerto Rico,Cultural Holiday,Birthday of José de Diego (1866) – poet and advocate for Puerto Rican autonomy
04-19,King Mswati III Birthday,Eswatini (Swaziland),National Holiday,Birthday of King Mswati III celebrated as a national holiday
04-26,Union Day,Tanzania,National Holiday,Anniversary of the union of Tanganyika and Zanzibar forming the United Republic of Tanzania on April 26 1964
04-30,King's Day (Koningsdag),Netherlands,National Holiday,Birthday of King Willem-Alexander; celebrated with street markets (rommelmarkt) and orange clothing across the country
variabel (Apr/May),Theravada New Year (Songkran · Thingyan · Pi Mai Lao),"Thailand · Myanmar · Laos",Cultural/Religious Holiday,Buddhist New Year celebrated across mainland Southeast Asia with water festivals; Songkran (Thailand) · Thingyan (Myanmar) · Pi Mai Lao (Laos); symbolizes purification and renewal
05-01,Workers' Day,Nigeria · South Africa · Kenya · Zimbabwe · Tanzania · Ghana,National Holiday,International Workers' Day; public holiday across most of Africa in recognition of labor rights
05-02,Eid Milad un-Nabi (in non-Muslim observance),Nigeria,Cultural Holiday,Nationwide observance of the Prophet's birthday; celebrated in Muslim-majority northern states with prayers
05-11,Heiliger Pankratius (Ice Saints),Germany · Austria · Switzerland,Cultural Tradition,First of the three Ice Saints (Pankratius, Servatius, Bonifatius – May 11–13); traditional belief that frost risk ends after these days; no public holiday
05-14,Kamuzu Day,Malawi,National Holiday,Birthday of Hastings Kamuzu Banda – founding president of Malawi
05-22,National Day,Yemen,National Holiday,Anniversary of the unification of North and South Yemen on May 22 1990
05-24,Commonwealth Day (observed),Commonwealth nations,Political Holiday,Annual celebration of the Commonwealth of Nations; observed on the second Monday of March in many Commonwealth countries; Queen/King's speech
05-24,Bulgarian Education Day (Ден на Кирил и Методий),Bulgaria,Cultural Holiday,Day of Slavic Culture and Literacy honoring Saints Cyril and Methodius – creators of the Cyrillic alphabet
05-26,Independence Day,Georgia,National Holiday,Anniversary of Georgia's declaration of independence from Russia on May 26 1918
05-28,Republic Day,Azerbaijan,National Holiday,Anniversary of the establishment of the Azerbaijan Democratic Republic on May 28 1918
05-31,Republic Day,South Africa,National Holiday,Anniversary of South Africa becoming a republic on May 31 1961 (no longer a public holiday; replaced by Freedom Day)
06-02,Coronation Day (variable),United Kingdom,Cultural Holiday,Official birthday celebration of the reigning monarch; celebrated on the second Saturday in June with Trooping the Colour parade
06-04,Emancipation Day,Tonga,National Holiday,Anniversary of Tonga's emancipation from foreign debt and independence maintenance
06-10,Portugal Day (Dia de Camões),Portugal,National Holiday,Death anniversary of the national poet Luís de Camões; also commemorates Portuguese communities worldwide
06-11,King's Birthday,Thailand,National Holiday,Birthday of King Vajiralongkorn (Rama X); public holiday
06-12,Araw ng Kalayaan (Independence Day),Philippines,National Holiday,Anniversary of the proclamation of Philippine independence from Spain on June 12 1898
06-16,Youth Day,South Africa,National Holiday,Anniversary of the Soweto Uprising of June 16 1976 when students protested against Apartheid education policies
06-18,Autochthony Day,Gabon,National Holiday,Celebration of Gabonese indigenous heritage
06-23,National Day,Luxembourg,National Holiday,Official birthday celebration of Grand Duke Henri; celebrated with fireworks the evening before
07-01,Emancipation Day,Ghana,National Holiday,Anniversary of the end of the Atlantic slave trade
07-01,Doctor's Day,Cuba · Brazil · India,Cultural Holiday,Day honoring physicians and medical professionals; date varies by country
07-05,Independence Day,Cape Verde,National Holiday,Anniversary of Cape Verde's independence from Portugal on July 5 1975
07-05,Independence Day,Algeria,National Holiday,Anniversary of Algeria's independence from France on July 5 1962
07-06,Independence Day,Comoros · Malawi,National Holiday,Comoros: independence from France on July 6 1975 · Malawi: independence from Great Britain on July 6 1964
07-10,Independence Day,Bahamas,National Holiday,Anniversary of the Bahamas' independence from Great Britain on July 10 1973
07-11,National Day,Mongolia,National Holiday,Naadam Festival – celebration of the three traditional Mongolian sports: wrestling, archery and horse racing
07-12,Independence Day,"São Tomé and Príncipe",National Holiday,Anniversary of independence from Portugal on July 12 1975
07-12,National Day (Orangemen's Day),Northern Ireland,Cultural Holiday,Commemoration of the Battle of the Boyne in 1690 when King William III defeated King James II; Orange Order parades
07-13,Statehood Day,Montenegro,National Holiday,Anniversary of Montenegro's recognition as an independent principality at the Congress of Berlin in 1878
07-26,Independence Day,Liberia,National Holiday,Anniversary of Liberia's declaration of independence on July 26 1847 – oldest republic in Africa
07-26,Revolution Day,Cuba,National Holiday,Anniversary of the attack on the Moncada Barracks by Fidel Castro's rebels on July 26 1953 – beginning of the Cuban Revolution
07-28,Independence Day,Peru,National Holiday,Anniversary of Peru's declaration of independence from Spain on July 28 1821
07-30,Emancipation Day,Trinidad and Tobago,National Holiday,Anniversary of the abolition of slavery in the British Caribbean on August 1 1838
08-01,Emancipation Day,Jamaica · Caribbean (various),National Holiday,Anniversary of the abolition of slavery in the British colonies on August 1 1834 (full emancipation 1838)
08-02,Republic of North Macedonia Day,North Macedonia,National Holiday,Ilinden Day – anniversary of the 1903 Ilinden Uprising against Ottoman rule
08-03,Independence Day,Niger,National Holiday,Anniversary of Niger's independence from France on August 3 1960
08-05,Independence Day,Burkina Faso,National Holiday,Anniversary of Upper Volta's (now Burkina Faso) independence from France on August 5 1960
08-07,Independence Day,Ivory Coast (Côte d'Ivoire),National Holiday,Anniversary of Côte d'Ivoire's independence from France on August 7 1960
08-13,Independence Day,Central African Republic,National Holiday,Anniversary of the Central African Republic's independence from France on August 13 1960
08-15,Independence Day,Republic of the Congo,National Holiday,Anniversary of the Republic of the Congo's independence from France on August 15 1960
08-15,Independence Day,Liechtenstein,National Holiday,National Day of Liechtenstein celebrated on the Feast of the Assumption
08-17,Independence Day,Gabon,National Holiday,Anniversary of Gabon's independence from France on August 17 1960
08-19,National Day,Afghanistan,National Holiday,Anniversary of the Anglo-Afghan Treaty of 1919 granting full independence
08-20,Saint Stephen's Day,Hungary,National Holiday,Feast of Saint Stephen – first king of Hungary; foundation of the Hungarian state in the year 1000; celebrated with fireworks over the Danube
08-24,Flag Day,Kazakhstan,National Holiday,Day of the national flag of Kazakhstan
08-27,Moldovan Independence Day,Moldova,National Holiday,Anniversary of Moldova's declaration of independence from the Soviet Union on August 27 1991
08-30,Victory Day (Zafer Bayramı),Turkey,National Holiday,Anniversary of the decisive victory in the Turkish War of Independence on August 30 1922
09-01,Libyan National Day,Libya,National Holiday,Anniversary of the 1969 revolution in which Muammar Gaddafi seized power (currently disputed holiday)
09-02,National Day,Vietnam,National Holiday,Anniversary of Ho Chi Minh's proclamation of Vietnamese independence on September 2 1945
09-03,National Day,Qatar,National Holiday,Anniversary of the establishment of an independent Qatari state
09-06,Defense Forces Day,Finland,National Holiday,Anniversary of Finland's defense forces founded in 1917
09-06,Swaziland Independence Day,Eswatini (Swaziland),National Holiday,Anniversary of Swaziland's independence from Great Britain on September 6 1968
09-12,Ethiopian New Year (Enkutatash),Ethiopia,Cultural/Religious Holiday,Ethiopian New Year on the first day of the month Meskerem; families exchange flowers and celebrate the end of the rainy season
09-16,Papua New Guinea Independence Day,Papua New Guinea,National Holiday,Anniversary of Papua New Guinea's independence from Australia on September 16 1975
09-22,Independence Day,Mali,National Holiday,Anniversary of Mali's independence from France on September 22 1960
09-22,National Day,Saudi Arabia,National Holiday,Anniversary of the unification of the Kingdom of Saudi Arabia on September 22 1932
09-24,Heritage Day (Braai Day),South Africa,National Holiday,Celebration of South Africa's diverse cultural heritage; informally celebrated as Braai Day – a national barbecue
09-24,Independence Day,Guinea-Bissau,National Holiday,Anniversary of Guinea-Bissau's independence from Portugal on September 24 1973
09-30,Day of German Unity (unofficial),Germany,Cultural Tradition,Unofficial end-of-summer celebration; precursor to the official Unity Day on October 3
10-01,Independence Day,Nigeria,National Holiday,"Anniversary of Nigeria's independence from Great Britain on October 1 1960; Africa's most populous nation"
10-01,Independence Day,Cyprus,National Holiday,Anniversary of Cyprus's independence from Great Britain on October 1 1960
10-01,Independence Day,Tuvalu,National Holiday,Anniversary of Tuvalu's independence from Great Britain on October 1 1978
10-02,Independence Day,Guinea,National Holiday,Anniversary of Guinea's independence from France on October 2 1958
10-04,Independence Day,Lesotho,National Holiday,Anniversary of Lesotho's independence from Great Britain on October 4 1966
10-10,National Day,Taiwan (Republic of China),National Holiday,Anniversary of the Wuchang Uprising on October 10 1911 which led to the founding of the Republic of China; known as Double Ten Day
10-10,Independence Day,Fiji,National Holiday,Anniversary of Fiji's independence from Great Britain on October 10 1970
10-10,Independence Day,Equatorial Guinea,National Holiday,Anniversary of Equatorial Guinea's independence from Spain on October 12 1968
10-24,United Nations Day,Worldwide,International Holiday,Anniversary of the entry into force of the UN Charter on October 24 1945; not a public holiday in most countries
10-24,Independence Day,Zambia,National Holiday,Anniversary of Zambia's independence from Great Britain on October 24 1964
10-27,Independence Day,Saint Vincent and the Grenadines,National Holiday,Anniversary of independence from Great Britain on October 27 1979
10-29,Republic Day,Turkey,National Holiday,Anniversary of the proclamation of the Turkish Republic on October 29 1923
11-01,National Day,Algeria,National Holiday,Anniversary of the beginning of the Algerian War of Independence on November 1 1954
11-03,Independence Day,Dominica,National Holiday,Anniversary of Dominica's independence from Great Britain on November 3 1978
11-03,Culture Day (文化の日 · Bunka no Hi),Japan,National Holiday,Day honoring culture arts and academic endeavors; Order of Culture awards presented by the Emperor
11-03,Independence Day,Federated States of Micronesia,National Holiday,Anniversary of independence from US trusteeship on November 3 1986
11-04,National Unity Day (День народного единства),Russia,National Holiday,Anniversary of the liberation of Moscow from Polish-Lithuanian occupation in 1612; re-established as a holiday in 2005
11-11,Independence Day,Poland,National Holiday,Anniversary of Poland regaining independence on November 11 1918 after 123 years of partition
11-18,National Day,Morocco,National Holiday,Anniversary of the Throne Speech of Sultan Mohammed V on November 18 1955 which marked the return from exile and path to independence from France
11-22,Independence Day,Lebanon,National Holiday,Anniversary of Lebanon's full independence from the French Mandate on November 22 1943
11-23,Labour Thanksgiving Day (勤労感謝の日 · Kinrō Kansha no Hi),Japan,National Holiday,Day honoring labor and giving thanks for production; rooted in an ancient harvest festival
11-25,Independence Day,Suriname,National Holiday,Anniversary of Suriname's independence from the Netherlands on November 25 1975
11-28,Independence Day,Mauritania · Panama · Albania,National Holiday,"Mauritania: independence from France on November 28 1960 · Panama: independence from Spain on November 28 1821 · Albania: independence from the Ottoman Empire on November 28 1912"
11-30,Independence Day,Barbados,National Holiday,Anniversary of Barbados's independence from Great Britain on November 30 1966
11-30,St. Andrew's Day,Scotland,Cultural Holiday,Feast of Scotland's patron saint; celebrated with traditional Scottish events; public holiday in Scotland since 2007
12-02,UAE National Day,United Arab Emirates,National Holiday,Anniversary of the federation of the seven emirates on December 2 1971
12-09,Independence Day,Tanzania,National Holiday,Anniversary of Tanganyika's independence from Great Britain on December 9 1961
12-11,Independence Day,Burkina Faso,National Holiday,Anniversary of Upper Volta's independence proclamation on December 11 1958
12-13,St. Lucia Day (Feast of Saint Lucy),Malta,National Holiday,Feast of Saint Lucy; also celebrated in Sweden Norway and Finland (see December 13 entry above)
12-16,Reconciliation Day · Day of the Covenant,South Africa · historical,National/Religious Holiday,South Africa: Day of Reconciliation between population groups · historically observed by Afrikaners as Day of the Vow commemorating the Battle of Blood River in 1838
12-23,Emperor's Birthday (天皇誕生日 · Tennō Tanjōbi),Japan,National Holiday,Birthday of Emperor Naruhito born December 23 1960; celebration across Japan with public garden openings at the Imperial Palace
